EventID,EventType,Timestamp,Location,Details
EVT0001,health_mention,2024-09-04 00:00:00,Chicago,Details for event 1
EVT0002,general_health_report,2024-06-16 00:00:00,Tokyo,Details for event 2
EVT0003,hospital_admission,2024-09-28 00:00:00,Boston,Details for event 3
EVT0004,health_mention,2024-11-16 00:00:00,Boston,Details for event 4
EVT0005,health_mention,2024-06-02 00:00:00,Boston,Details for event 5
EVT0006,general_health_report,2024-07-16 00:00:00,Boston,Details for event 6
EVT0007,hospital_admission,2024-08-21 00:00:00,Bordeaux,Details for event 7
EVT0008,hospital_admission,2024-05-19 00:00:00,Boston,Details for event 8
EVT0009,health_mention,2024-09-18 00:00:00,Bordeaux,Details for event 9
EVT0010,pharmacy_sale,2024-09-29 00:00:00,Bordeaux,Details for event 10
EVT0011,health_mention,2024-09-21 00:00:00,Boston,Details for event 11
EVT0012,health_mention,2024-11-12 00:00:00,Boston,Details for event 12
EVT0013,health_mention,2024-01-19 00:00:00,Chicago,Details for event 13
EVT0014,health_mention,2024-01-06 00:00:00,Tokyo,Details for event 14
EVT0015,general_health_report,2024-12-16 00:00:00,Boston,Details for event 15
EVT0016,hospital_admission,2024-09-02 00:00:00,Chicago,Details for event 16
EVT0017,general_health_report,2024-06-18 00:00:00,Chicago,Details for event 17
EVT0018,general_health_report,2024-01-05 00:00:00,Tokyo,Details for event 18
EVT0019,general_health_report,2024-04-16 00:00:00,Bordeaux,Details for event 19
EVT0020,health_mention,2024-12-07 00:00:00,Boston,Details for event 20
EVT0021,pharmacy_sale,2024-07-25 00:00:00,Tokyo,Details for event 21
EVT0022,hospital_admission,2024-08-29 00:00:00,Boston,Details for event 22
EVT0023,pharmacy_sale,2024-09-17 00:00:00,Chicago,Details for event 23
EVT0024,general_health_report,2024-02-22 00:00:00,Chicago,Details for event 24
EVT0025,general_health_report,2024-01-25 00:00:00,Bordeaux,Details for event 25
EVT0026,pharmacy_sale,2024-07-12 00:00:00,Chicago,Details for event 26
EVT0027,pharmacy_sale,2024-06-07 00:00:00,Chicago,Details for event 27
EVT0028,pharmacy_sale,2024-03-25 00:00:00,Tokyo,Details for event 28
EVT0029,general_health_report,2024-12-29 00:00:00,Boston,Details for event 29
EVT0030,general_health_report,2024-06-03 00:00:00,Boston,Details for event 30
EVT0031,hospital_admission,2024-02-17 00:00:00,Tokyo,Details for event 31
EVT0032,hospital_admission,2024-02-22 00:00:00,Bordeaux,Details for event 32
EVT0033,general_health_report,2024-11-21 00:00:00,Boston,Details for event 33
EVT0034,pharmacy_sale,2024-08-01 00:00:00,Chicago,Details for event 34
EVT0035,pharmacy_sale,2024-12-17 00:00:00,Boston,Details for event 35
EVT0036,hospital_admission,2024-11-22 00:00:00,Chicago,Details for event 36
EVT0037,general_health_report,2024-06-18 00:00:00,Bordeaux,Details for event 37
EVT0038,hospital_admission,2024-04-29 00:00:00,Tokyo,Details for event 38
EVT0039,hospital_admission,2024-01-10 00:00:00,Boston,Details for event 39
EVT0040,health_mention,2024-07-19 00:00:00,Tokyo,Details for event 40
EVT0041,health_mention,2024-07-18 00:00:00,Boston,Details for event 41
EVT0042,health_mention,2024-01-15 00:00:00,Chicago,Details for event 42
EVT0043,pharmacy_sale,2024-09-18 00:00:00,Tokyo,Details for event 43
EVT0044,general_health_report,2024-12-14 00:00:00,Boston,Details for event 44
EVT0045,general_health_report,2024-08-20 00:00:00,Chicago,Details for event 45
EVT0046,general_health_report,2024-07-13 00:00:00,Tokyo,Details for event 46
EVT0047,general_health_report,2024-01-06 00:00:00,Tokyo,Details for event 47
EVT0048,health_mention,2024-10-14 00:00:00,Boston,Details for event 48
EVT0049,pharmacy_sale,2024-02-27 00:00:00,Boston,Details for event 49
EVT0050,pharmacy_sale,2024-11-27 00:00:00,Boston,Details for event 50
EVT0051,health_mention,2024-05-06 00:00:00,Chicago,Details for event 51
EVT0052,pharmacy_sale,2024-05-08 00:00:00,Boston,Details for event 52
EVT0053,health_mention,2024-01-10 00:00:00,Tokyo,Details for event 53
EVT0054,general_health_report,2024-02-05 00:00:00,Tokyo,Details for event 54
EVT0055,health_mention,2024-03-23 00:00:00,Boston,Details for event 55
EVT0056,general_health_report,2024-04-09 00:00:00,Boston,Details for event 56
EVT0057,general_health_report,2024-10-12 00:00:00,Bordeaux,Details for event 57
EVT0058,hospital_admission,2024-06-08 00:00:00,Tokyo,Details for event 58
EVT0059,health_mention,2024-09-13 00:00:00,Chicago,Details for event 59
EVT0060,hospital_admission,2024-05-17 00:00:00,Bordeaux,Details for event 60
EVT0061,health_mention,2024-07-31 00:00:00,Boston,Details for event 61
EVT0062,health_mention,2024-02-17 00:00:00,Boston,Details for event 62
EVT0063,hospital_admission,2024-07-31 00:00:00,Tokyo,Details for event 63
EVT0064,hospital_admission,2024-05-22 00:00:00,Boston,Details for event 64
EVT0065,health_mention,2024-10-10 00:00:00,Chicago,Details for event 65
EVT0066,pharmacy_sale,2024-06-18 00:00:00,Tokyo,Details for event 66
EVT0067,general_health_report,2024-10-07 00:00:00,Boston,Details for event 67
EVT0068,hospital_admission,2024-01-31 00:00:00,Tokyo,Details for event 68
EVT0069,general_health_report,2024-05-20 00:00:00,Boston,Details for event 69
EVT0070,pharmacy_sale,2024-04-21 00:00:00,Boston,Details for event 70
EVT0071,pharmacy_sale,2024-06-24 00:00:00,Boston,Details for event 71
EVT0072,pharmacy_sale,2024-04-20 00:00:00,Chicago,Details for event 72
EVT0073,hospital_admission,2024-11-20 00:00:00,Chicago,Details for event 73
EVT0074,pharmacy_sale,2024-10-25 00:00:00,Tokyo,Details for event 74
EVT0075,hospital_admission,2024-06-01 00:00:00,Boston,Details for event 75
EVT0076,pharmacy_sale,2024-10-04 00:00:00,Boston,Details for event 76
EVT0077,general_health_report,2024-09-10 00:00:00,Chicago,Details for event 77
EVT0078,general_health_report,2024-07-08 00:00:00,Boston,Details for event 78
EVT0079,health_mention,2024-12-29 00:00:00,Chicago,Details for event 79
EVT0080,general_health_report,2024-01-14 00:00:00,Boston,Details for event 80
EVT0081,health_mention,2024-07-16 00:00:00,Tokyo,Details for event 81
EVT0082,general_health_report,2024-10-31 00:00:00,Boston,Details for event 82
EVT0083,hospital_admission,2024-04-16 00:00:00,Boston,Details for event 83
EVT0084,general_health_report,2024-02-03 00:00:00,Bordeaux,Details for event 84
EVT0085,health_mention,2024-03-17 00:00:00,Chicago,Details for event 85
EVT0086,health_mention,2024-01-21 00:00:00,Boston,Details for event 86
EVT0087,pharmacy_sale,2024-07-30 00:00:00,Boston,Details for event 87
EVT0088,hospital_admission,2024-02-09 00:00:00,Bordeaux,Details for event 88
EVT0089,general_health_report,2024-11-12 00:00:00,Bordeaux,Details for event 89
EVT0090,pharmacy_sale,2024-11-11 00:00:00,Chicago,Details for event 90
EVT0091,general_health_report,2024-09-23 00:00:00,Bordeaux,Details for event 91
EVT0092,general_health_report,2024-05-05 00:00:00,Tokyo,Details for event 92
EVT0093,pharmacy_sale,2024-09-03 00:00:00,Bordeaux,Details for event 93
EVT0094,pharmacy_sale,2024-04-20 00:00:00,Tokyo,Details for event 94
EVT0095,pharmacy_sale,2024-12-29 00:00:00,Chicago,Details for event 95
EVT0096,pharmacy_sale,2024-12-03 00:00:00,Chicago,Details for event 96
EVT0097,pharmacy_sale,2024-11-22 00:00:00,Chicago,Details for event 97
EVT0098,general_health_report,2024-09-30 00:00:00,Chicago,Details for event 98
EVT0099,pharmacy_sale,2024-01-13 00:00:00,Chicago,Details for event 99
EVT0100,hospital_admission,2024-01-12 00:00:00,Tokyo,Details for event 100
EVT0101,health_mention,2024-08-13 00:00:00,Tokyo,Details for event 101
EVT0102,pharmacy_sale,2024-02-21 00:00:00,Chicago,Details for event 102
EVT0103,pharmacy_sale,2024-10-01 00:00:00,Bordeaux,Details for event 103
EVT0104,general_health_report,2024-05-16 00:00:00,Boston,Details for event 104
EVT0105,pharmacy_sale,2024-05-29 00:00:00,Chicago,Details for event 105
EVT0106,pharmacy_sale,2024-03-11 00:00:00,Bordeaux,Details for event 106
EVT0107,pharmacy_sale,2024-09-03 00:00:00,Boston,Details for event 107
EVT0108,general_health_report,2024-08-26 00:00:00,Chicago,Details for event 108
EVT0109,pharmacy_sale,2024-06-23 00:00:00,Chicago,Details for event 109
EVT0110,health_mention,2024-03-18 00:00:00,Tokyo,Details for event 110
EVT0111,general_health_report,2024-10-22 00:00:00,Boston,Details for event 111
EVT0112,health_mention,2024-10-14 00:00:00,Boston,Details for event 112
EVT0113,general_health_report,2024-04-07 00:00:00,Bordeaux,Details for event 113
EVT0114,pharmacy_sale,2024-10-19 00:00:00,Tokyo,Details for event 114
EVT0115,health_mention,2024-07-02 00:00:00,Tokyo,Details for event 115
EVT0116,general_health_report,2024-03-27 00:00:00,Tokyo,Details for event 116
EVT0117,hospital_admission,2024-07-12 00:00:00,Tokyo,Details for event 117
EVT0118,pharmacy_sale,2024-07-27 00:00:00,Boston,Details for event 118
EVT0119,general_health_report,2024-01-04 00:00:00,Boston,Details for event 119
EVT0120,hospital_admission,2024-04-14 00:00:00,Chicago,Details for event 120
EVT0121,general_health_report,2024-04-11 00:00:00,Chicago,Details for event 121
EVT0122,hospital_admission,2024-10-04 00:00:00,Tokyo,Details for event 122
EVT0123,pharmacy_sale,2024-02-09 00:00:00,Tokyo,Details for event 123
EVT0124,health_mention,2024-04-23 00:00:00,Tokyo,Details for event 124
EVT0125,hospital_admission,2024-04-24 00:00:00,Chicago,Details for event 125
EVT0126,general_health_report,2024-01-08 00:00:00,Bordeaux,Details for event 126
EVT0127,pharmacy_sale,2024-01-07 00:00:00,Bordeaux,Details for event 127
EVT0128,hospital_admission,2024-09-17 00:00:00,Chicago,Details for event 128
EVT0129,general_health_report,2024-07-30 00:00:00,Chicago,Details for event 129
EVT0130,general_health_report,2024-02-26 00:00:00,Chicago,Details for event 130
EVT0131,general_health_report,2024-04-03 00:00:00,Chicago,Details for event 131
EVT0132,hospital_admission,2024-09-23 00:00:00,Chicago,Details for event 132
EVT0133,hospital_admission,2024-07-20 00:00:00,Chicago,Details for event 133
EVT0134,hospital_admission,2024-07-25 00:00:00,Tokyo,Details for event 134
EVT0135,health_mention,2024-05-07 00:00:00,Tokyo,Details for event 135
EVT0136,hospital_admission,2024-09-14 00:00:00,Tokyo,Details for event 136
EVT0137,hospital_admission,2024-04-11 00:00:00,Tokyo,Details for event 137
EVT0138,hospital_admission,2024-05-08 00:00:00,Chicago,Details for event 138
EVT0139,health_mention,2024-09-22 00:00:00,Bordeaux,Details for event 139
EVT0140,hospital_admission,2024-04-02 00:00:00,Boston,Details for event 140
EVT0141,general_health_report,2024-05-22 00:00:00,Chicago,Details for event 141
EVT0142,hospital_admission,2024-05-30 00:00:00,Boston,Details for event 142
EVT0143,general_health_report,2024-10-26 00:00:00,Bordeaux,Details for event 143
EVT0144,general_health_report,2024-06-28 00:00:00,Tokyo,Details for event 144
EVT0145,general_health_report,2024-10-22 00:00:00,Bordeaux,Details for event 145
EVT0146,health_mention,2024-07-12 00:00:00,Chicago,Details for event 146
EVT0147,health_mention,2024-04-21 00:00:00,Tokyo,Details for event 147
EVT0148,health_mention,2024-08-07 00:00:00,Chicago,Details for event 148
EVT0149,hospital_admission,2024-02-06 00:00:00,Tokyo,Details for event 149
EVT0150,general_health_report,2024-07-14 00:00:00,Boston,Details for event 150
EVT0151,health_mention,2024-09-29 00:00:00,Boston,Details for event 151
EVT0152,health_mention,2024-11-16 00:00:00,Boston,Details for event 152
EVT0153,hospital_admission,2024-10-08 00:00:00,Bordeaux,Details for event 153
EVT0154,health_mention,2024-04-16 00:00:00,Chicago,Details for event 154
EVT0155,hospital_admission,2024-06-12 00:00:00,Bordeaux,Details for event 155
EVT0156,pharmacy_sale,2024-11-22 00:00:00,Boston,Details for event 156
EVT0157,health_mention,2024-07-20 00:00:00,Chicago,Details for event 157
EVT0158,pharmacy_sale,2024-07-29 00:00:00,Boston,Details for event 158
EVT0159,hospital_admission,2024-12-19 00:00:00,Bordeaux,Details for event 159
EVT0160,general_health_report,2024-10-13 00:00:00,Bordeaux,Details for event 160
EVT0161,health_mention,2024-05-15 00:00:00,Bordeaux,Details for event 161
EVT0162,hospital_admission,2024-06-12 00:00:00,Boston,Details for event 162
EVT0163,general_health_report,2024-09-29 00:00:00,Chicago,Details for event 163
EVT0164,general_health_report,2024-03-29 00:00:00,Chicago,Details for event 164
EVT0165,pharmacy_sale,2024-07-28 00:00:00,Boston,Details for event 165
EVT0166,hospital_admission,2024-06-03 00:00:00,Chicago,Details for event 166
EVT0167,general_health_report,2024-07-03 00:00:00,Boston,Details for event 167
EVT0168,health_mention,2024-07-11 00:00:00,Chicago,Details for event 168
EVT0169,health_mention,2024-03-27 00:00:00,Tokyo,Details for event 169
EVT0170,pharmacy_sale,2024-05-30 00:00:00,Tokyo,Details for event 170
EVT0171,general_health_report,2024-09-27 00:00:00,Bordeaux,Details for event 171
EVT0172,hospital_admission,2024-03-19 00:00:00,Tokyo,Details for event 172
EVT0173,health_mention,2024-05-08 00:00:00,Tokyo,Details for event 173
EVT0174,general_health_report,2024-05-25 00:00:00,Tokyo,Details for event 174
EVT0175,general_health_report,2024-04-17 00:00:00,Boston,Details for event 175
EVT0176,pharmacy_sale,2024-12-26 00:00:00,Tokyo,Details for event 176
EVT0177,health_mention,2024-09-21 00:00:00,Tokyo,Details for event 177
EVT0178,health_mention,2024-05-28 00:00:00,Bordeaux,Details for event 178
EVT0179,hospital_admission,2024-04-27 00:00:00,Tokyo,Details for event 179
EVT0180,health_mention,2024-04-11 00:00:00,Tokyo,Details for event 180
EVT0181,hospital_admission,2024-09-25 00:00:00,Chicago,Details for event 181
EVT0182,health_mention,2024-06-26 00:00:00,Bordeaux,Details for event 182
EVT0183,pharmacy_sale,2024-09-08 00:00:00,Bordeaux,Details for event 183
EVT0184,health_mention,2024-12-18 00:00:00,Bordeaux,Details for event 184
EVT0185,hospital_admission,2024-04-26 00:00:00,Bordeaux,Details for event 185
EVT0186,hospital_admission,2024-02-15 00:00:00,Bordeaux,Details for event 186
EVT0187,pharmacy_sale,2024-02-23 00:00:00,Bordeaux,Details for event 187
EVT0188,health_mention,2024-11-16 00:00:00,Boston,Details for event 188
EVT0189,health_mention,2024-10-24 00:00:00,Tokyo,Details for event 189
EVT0190,pharmacy_sale,2024-03-06 00:00:00,Bordeaux,Details for event 190
EVT0191,health_mention,2024-03-03 00:00:00,Tokyo,Details for event 191
EVT0192,health_mention,2024-04-23 00:00:00,Tokyo,Details for event 192
EVT0193,hospital_admission,2024-11-14 00:00:00,Boston,Details for event 193
EVT0194,health_mention,2024-04-05 00:00:00,Bordeaux,Details for event 194
EVT0195,health_mention,2024-06-22 00:00:00,Chicago,Details for event 195
EVT0196,pharmacy_sale,2024-02-12 00:00:00,Boston,Details for event 196
EVT0197,pharmacy_sale,2024-03-21 00:00:00,Chicago,Details for event 197
EVT0198,general_health_report,2024-08-03 00:00:00,Tokyo,Details for event 198
EVT0199,hospital_admission,2024-12-30 00:00:00,Tokyo,Details for event 199
EVT0200,health_mention,2024-12-13 00:00:00,Boston,Details for event 200
EVT0201,health_mention,2024-09-07 00:00:00,Boston,Details for event 201
EVT0202,general_health_report,2024-03-13 00:00:00,Chicago,Details for event 202
EVT0203,health_mention,2024-03-10 00:00:00,Bordeaux,Details for event 203
EVT0204,hospital_admission,2024-05-09 00:00:00,Chicago,Details for event 204
EVT0205,general_health_report,2024-04-04 00:00:00,Boston,Details for event 205
EVT0206,hospital_admission,2024-04-11 00:00:00,Chicago,Details for event 206
EVT0207,general_health_report,2024-04-14 00:00:00,Boston,Details for event 207
EVT0208,general_health_report,2024-03-13 00:00:00,Chicago,Details for event 208
EVT0209,pharmacy_sale,2024-02-13 00:00:00,Boston,Details for event 209
EVT0210,hospital_admission,2024-06-24 00:00:00,Boston,Details for event 210
EVT0211,health_mention,2024-07-31 00:00:00,Boston,Details for event 211
EVT0212,health_mention,2024-09-02 00:00:00,Bordeaux,Details for event 212
EVT0213,hospital_admission,2024-08-16 00:00:00,Chicago,Details for event 213
EVT0214,health_mention,2024-07-12 00:00:00,Chicago,Details for event 214
EVT0215,health_mention,2024-04-17 00:00:00,Chicago,Details for event 215
EVT0216,hospital_admission,2024-11-21 00:00:00,Boston,Details for event 216
EVT0217,general_health_report,2024-10-29 00:00:00,Chicago,Details for event 217
EVT0218,hospital_admission,2024-07-20 00:00:00,Chicago,Details for event 218
EVT0219,general_health_report,2024-05-27 00:00:00,Boston,Details for event 219
EVT0220,health_mention,2024-12-13 00:00:00,Tokyo,Details for event 220
EVT0221,health_mention,2024-10-05 00:00:00,Boston,Details for event 221
EVT0222,health_mention,2024-08-31 00:00:00,Chicago,Details for event 222
EVT0223,pharmacy_sale,2024-03-18 00:00:00,Boston,Details for event 223
EVT0224,general_health_report,2024-11-03 00:00:00,Tokyo,Details for event 224
EVT0225,pharmacy_sale,2024-10-07 00:00:00,Boston,Details for event 225
EVT0226,pharmacy_sale,2024-11-14 00:00:00,Chicago,Details for event 226
EVT0227,hospital_admission,2024-09-07 00:00:00,Tokyo,Details for event 227
EVT0228,pharmacy_sale,2024-02-05 00:00:00,Bordeaux,Details for event 228
EVT0229,hospital_admission,2024-03-11 00:00:00,Chicago,Details for event 229
EVT0230,hospital_admission,2024-12-28 00:00:00,Tokyo,Details for event 230
EVT0231,pharmacy_sale,2024-08-13 00:00:00,Tokyo,Details for event 231
EVT0232,general_health_report,2024-12-08 00:00:00,Bordeaux,Details for event 232
EVT0233,general_health_report,2024-07-22 00:00:00,Boston,Details for event 233
EVT0234,general_health_report,2024-04-09 00:00:00,Boston,Details for event 234
EVT0235,general_health_report,2024-03-02 00:00:00,Chicago,Details for event 235
EVT0236,general_health_report,2024-05-09 00:00:00,Bordeaux,Details for event 236
EVT0237,pharmacy_sale,2024-06-22 00:00:00,Boston,Details for event 237
EVT0238,pharmacy_sale,2024-03-08 00:00:00,Bordeaux,Details for event 238
EVT0239,health_mention,2024-05-12 00:00:00,Boston,Details for event 239
EVT0240,general_health_report,2024-10-13 00:00:00,Tokyo,Details for event 240
EVT0241,pharmacy_sale,2024-01-07 00:00:00,Boston,Details for event 241
EVT0242,health_mention,2024-10-02 00:00:00,Bordeaux,Details for event 242
EVT0243,general_health_report,2024-05-14 00:00:00,Tokyo,Details for event 243
EVT0244,hospital_admission,2024-02-25 00:00:00,Tokyo,Details for event 244
EVT0245,health_mention,2024-09-25 00:00:00,Tokyo,Details for event 245
EVT0246,pharmacy_sale,2024-10-23 00:00:00,Bordeaux,Details for event 246
EVT0247,hospital_admission,2024-05-06 00:00:00,Chicago,Details for event 247
EVT0248,hospital_admission,2024-02-24 00:00:00,Chicago,Details for event 248
EVT0249,hospital_admission,2024-11-19 00:00:00,Chicago,Details for event 249
EVT0250,health_mention,2024-08-12 00:00:00,Bordeaux,Details for event 250
EVT0251,pharmacy_sale,2024-06-28 00:00:00,Tokyo,Details for event 251
EVT0252,hospital_admission,2024-05-20 00:00:00,Chicago,Details for event 252
EVT0253,general_health_report,2024-10-30 00:00:00,Bordeaux,Details for event 253
EVT0254,hospital_admission,2024-12-20 00:00:00,Chicago,Details for event 254
EVT0255,hospital_admission,2024-07-11 00:00:00,Boston,Details for event 255
EVT0256,health_mention,2024-06-06 00:00:00,Chicago,Details for event 256
EVT0257,health_mention,2024-03-03 00:00:00,Chicago,Details for event 257
EVT0258,pharmacy_sale,2024-06-10 00:00:00,Tokyo,Details for event 258
EVT0259,general_health_report,2024-11-23 00:00:00,Bordeaux,Details for event 259
EVT0260,health_mention,2024-11-22 00:00:00,Tokyo,Details for event 260
EVT0261,hospital_admission,2024-01-02 00:00:00,Tokyo,Details for event 261
EVT0262,pharmacy_sale,2024-01-19 00:00:00,Tokyo,Details for event 262
EVT0263,hospital_admission,2024-11-04 00:00:00,Tokyo,Details for event 263
EVT0264,hospital_admission,2024-08-04 00:00:00,Tokyo,Details for event 264
EVT0265,health_mention,2024-03-15 00:00:00,Chicago,Details for event 265
EVT0266,pharmacy_sale,2024-09-11 00:00:00,Tokyo,Details for event 266
EVT0267,general_health_report,2024-04-08 00:00:00,Tokyo,Details for event 267
EVT0268,general_health_report,2024-02-23 00:00:00,Bordeaux,Details for event 268
EVT0269,health_mention,2024-11-30 00:00:00,Boston,Details for event 269
EVT0270,health_mention,2024-10-31 00:00:00,Chicago,Details for event 270
EVT0271,pharmacy_sale,2024-06-08 00:00:00,Chicago,Details for event 271
EVT0272,general_health_report,2024-07-05 00:00:00,Chicago,Details for event 272
EVT0273,general_health_report,2024-01-05 00:00:00,Tokyo,Details for event 273
EVT0274,general_health_report,2024-07-18 00:00:00,Tokyo,Details for event 274
EVT0275,hospital_admission,2024-09-02 00:00:00,Tokyo,Details for event 275
EVT0276,general_health_report,2024-10-07 00:00:00,Bordeaux,Details for event 276
EVT0277,hospital_admission,2024-02-02 00:00:00,Boston,Details for event 277
EVT0278,pharmacy_sale,2024-02-17 00:00:00,Tokyo,Details for event 278
EVT0279,hospital_admission,2024-12-29 00:00:00,Boston,Details for event 279
EVT0280,pharmacy_sale,2024-05-11 00:00:00,Bordeaux,Details for event 280
EVT0281,general_health_report,2024-07-28 00:00:00,Chicago,Details for event 281
EVT0282,general_health_report,2024-12-28 00:00:00,Tokyo,Details for event 282
EVT0283,pharmacy_sale,2024-10-09 00:00:00,Boston,Details for event 283
EVT0284,health_mention,2024-02-26 00:00:00,Boston,Details for event 284
EVT0285,pharmacy_sale,2024-11-03 00:00:00,Tokyo,Details for event 285
EVT0286,health_mention,2024-12-04 00:00:00,Chicago,Details for event 286
EVT0287,hospital_admission,2024-06-23 00:00:00,Chicago,Details for event 287
EVT0288,hospital_admission,2024-11-27 00:00:00,Chicago,Details for event 288
EVT0289,hospital_admission,2024-09-22 00:00:00,Bordeaux,Details for event 289
EVT0290,general_health_report,2024-03-01 00:00:00,Boston,Details for event 290
EVT0291,hospital_admission,2024-06-14 00:00:00,Boston,Details for event 291
EVT0292,health_mention,2024-01-20 00:00:00,Boston,Details for event 292
EVT0293,hospital_admission,2024-07-14 00:00:00,Bordeaux,Details for event 293
EVT0294,pharmacy_sale,2024-02-01 00:00:00,Boston,Details for event 294
EVT0295,pharmacy_sale,2024-04-17 00:00:00,Bordeaux,Details for event 295
EVT0296,general_health_report,2024-05-24 00:00:00,Chicago,Details for event 296
EVT0297,pharmacy_sale,2024-12-29 00:00:00,Tokyo,Details for event 297
EVT0298,health_mention,2024-04-27 00:00:00,Boston,Details for event 298
EVT0299,hospital_admission,2024-12-09 00:00:00,Boston,Details for event 299
EVT0300,general_health_report,2024-09-05 00:00:00,Chicago,Details for event 300
EVT0301,hospital_admission,2024-06-04 00:00:00,Tokyo,Details for event 301
EVT0302,hospital_admission,2024-07-24 00:00:00,Bordeaux,Details for event 302
EVT0303,health_mention,2024-06-16 00:00:00,Tokyo,Details for event 303
EVT0304,pharmacy_sale,2024-01-13 00:00:00,Chicago,Details for event 304
EVT0305,pharmacy_sale,2024-04-14 00:00:00,Chicago,Details for event 305
EVT0306,hospital_admission,2024-04-20 00:00:00,Tokyo,Details for event 306
EVT0307,general_health_report,2024-11-09 00:00:00,Bordeaux,Details for event 307
EVT0308,pharmacy_sale,2024-09-18 00:00:00,Bordeaux,Details for event 308
EVT0309,general_health_report,2024-07-08 00:00:00,Boston,Details for event 309
EVT0310,pharmacy_sale,2024-08-19 00:00:00,Bordeaux,Details for event 310
EVT0311,general_health_report,2024-03-18 00:00:00,Tokyo,Details for event 311
EVT0312,health_mention,2024-11-09 00:00:00,Chicago,Details for event 312
EVT0313,general_health_report,2024-08-22 00:00:00,Boston,Details for event 313
EVT0314,health_mention,2024-10-31 00:00:00,Boston,Details for event 314
EVT0315,health_mention,2024-10-12 00:00:00,Chicago,Details for event 315
EVT0316,general_health_report,2024-12-23 00:00:00,Bordeaux,Details for event 316
EVT0317,health_mention,2024-10-13 00:00:00,Chicago,Details for event 317
EVT0318,hospital_admission,2024-11-15 00:00:00,Bordeaux,Details for event 318
EVT0319,health_mention,2024-06-16 00:00:00,Chicago,Details for event 319
EVT0320,pharmacy_sale,2024-06-15 00:00:00,Tokyo,Details for event 320
EVT0321,general_health_report,2024-04-15 00:00:00,Bordeaux,Details for event 321
EVT0322,hospital_admission,2024-09-22 00:00:00,Tokyo,Details for event 322
EVT0323,general_health_report,2024-11-24 00:00:00,Boston,Details for event 323
EVT0324,pharmacy_sale,2024-09-05 00:00:00,Chicago,Details for event 324
EVT0325,pharmacy_sale,2024-06-14 00:00:00,Boston,Details for event 325
EVT0326,pharmacy_sale,2024-10-09 00:00:00,Boston,Details for event 326
EVT0327,health_mention,2024-12-06 00:00:00,Boston,Details for event 327
EVT0328,health_mention,2024-12-06 00:00:00,Boston,Details for event 328
EVT0329,general_health_report,2024-08-20 00:00:00,Chicago,Details for event 329
EVT0330,general_health_report,2024-06-07 00:00:00,Boston,Details for event 330
EVT0331,hospital_admission,2024-08-30 00:00:00,Chicago,Details for event 331
EVT0332,hospital_admission,2024-06-30 00:00:00,Chicago,Details for event 332
EVT0333,general_health_report,2024-01-22 00:00:00,Tokyo,Details for event 333
EVT0334,health_mention,2024-12-20 00:00:00,Bordeaux,Details for event 334
EVT0335,pharmacy_sale,2024-06-12 00:00:00,Bordeaux,Details for event 335
EVT0336,general_health_report,2024-07-28 00:00:00,Chicago,Details for event 336
EVT0337,hospital_admission,2024-03-31 00:00:00,Tokyo,Details for event 337
EVT0338,health_mention,2024-08-18 00:00:00,Chicago,Details for event 338
EVT0339,general_health_report,2024-08-12 00:00:00,Chicago,Details for event 339
EVT0340,general_health_report,2024-06-23 00:00:00,Chicago,Details for event 340
EVT0341,health_mention,2024-07-12 00:00:00,Tokyo,Details for event 341
EVT0342,general_health_report,2024-02-02 00:00:00,Bordeaux,Details for event 342
EVT0343,health_mention,2024-05-18 00:00:00,Tokyo,Details for event 343
EVT0344,pharmacy_sale,2024-03-02 00:00:00,Boston,Details for event 344
EVT0345,health_mention,2024-03-28 00:00:00,Tokyo,Details for event 345
EVT0346,health_mention,2024-09-21 00:00:00,Tokyo,Details for event 346
EVT0347,health_mention,2024-08-09 00:00:00,Tokyo,Details for event 347
EVT0348,general_health_report,2024-11-14 00:00:00,Tokyo,Details for event 348
EVT0349,general_health_report,2024-09-01 00:00:00,Bordeaux,Details for event 349
EVT0350,health_mention,2024-10-24 00:00:00,Boston,Details for event 350
EVT0351,general_health_report,2024-05-18 00:00:00,Bordeaux,Details for event 351
EVT0352,hospital_admission,2024-04-21 00:00:00,Bordeaux,Details for event 352
EVT0353,hospital_admission,2024-03-22 00:00:00,Tokyo,Details for event 353
EVT0354,general_health_report,2024-03-01 00:00:00,Chicago,Details for event 354
EVT0355,general_health_report,2024-09-23 00:00:00,Chicago,Details for event 355
EVT0356,health_mention,2024-12-02 00:00:00,Bordeaux,Details for event 356
EVT0357,pharmacy_sale,2024-11-02 00:00:00,Bordeaux,Details for event 357
EVT0358,general_health_report,2024-11-10 00:00:00,Tokyo,Details for event 358
EVT0359,hospital_admission,2024-12-27 00:00:00,Bordeaux,Details for event 359
EVT0360,health_mention,2024-10-12 00:00:00,Tokyo,Details for event 360
EVT0361,general_health_report,2024-01-31 00:00:00,Chicago,Details for event 361
EVT0362,hospital_admission,2024-10-23 00:00:00,Chicago,Details for event 362
EVT0363,hospital_admission,2024-02-02 00:00:00,Boston,Details for event 363
EVT0364,pharmacy_sale,2024-12-07 00:00:00,Chicago,Details for event 364
EVT0365,health_mention,2024-09-09 00:00:00,Bordeaux,Details for event 365
EVT0366,health_mention,2024-10-24 00:00:00,Chicago,Details for event 366
EVT0367,pharmacy_sale,2024-05-19 00:00:00,Tokyo,Details for event 367
EVT0368,pharmacy_sale,2024-10-11 00:00:00,Chicago,Details for event 368
EVT0369,health_mention,2024-09-17 00:00:00,Boston,Details for event 369
EVT0370,health_mention,2024-11-04 00:00:00,Chicago,Details for event 370
EVT0371,general_health_report,2024-07-03 00:00:00,Tokyo,Details for event 371
EVT0372,general_health_report,2024-10-24 00:00:00,Tokyo,Details for event 372
EVT0373,pharmacy_sale,2024-11-24 00:00:00,Bordeaux,Details for event 373
EVT0374,general_health_report,2024-11-21 00:00:00,Chicago,Details for event 374
EVT0375,hospital_admission,2024-09-15 00:00:00,Tokyo,Details for event 375
EVT0376,general_health_report,2024-06-06 00:00:00,Boston,Details for event 376
EVT0377,general_health_report,2024-06-21 00:00:00,Bordeaux,Details for event 377
EVT0378,hospital_admission,2024-09-24 00:00:00,Boston,Details for event 378
EVT0379,pharmacy_sale,2024-02-16 00:00:00,Chicago,Details for event 379
EVT0380,hospital_admission,2024-04-22 00:00:00,Chicago,Details for event 380
EVT0381,general_health_report,2024-01-02 00:00:00,Chicago,Details for event 381
EVT0382,pharmacy_sale,2024-01-16 00:00:00,Bordeaux,Details for event 382
EVT0383,general_health_report,2024-05-16 00:00:00,Tokyo,Details for event 383
EVT0384,hospital_admission,2024-12-25 00:00:00,Bordeaux,Details for event 384
EVT0385,hospital_admission,2024-04-26 00:00:00,Boston,Details for event 385
EVT0386,general_health_report,2024-05-22 00:00:00,Bordeaux,Details for event 386
EVT0387,health_mention,2024-04-21 00:00:00,Boston,Details for event 387
EVT0388,health_mention,2024-01-17 00:00:00,Bordeaux,Details for event 388
EVT0389,hospital_admission,2024-01-12 00:00:00,Tokyo,Details for event 389
EVT0390,hospital_admission,2024-01-29 00:00:00,Boston,Details for event 390
EVT0391,health_mention,2024-10-31 00:00:00,Chicago,Details for event 391
EVT0392,health_mention,2024-03-12 00:00:00,Chicago,Details for event 392
EVT0393,general_health_report,2024-02-03 00:00:00,Bordeaux,Details for event 393
EVT0394,general_health_report,2024-03-15 00:00:00,Chicago,Details for event 394
EVT0395,health_mention,2024-04-21 00:00:00,Boston,Details for event 395
EVT0396,general_health_report,2024-07-26 00:00:00,Chicago,Details for event 396
EVT0397,general_health_report,2024-12-29 00:00:00,Tokyo,Details for event 397
EVT0398,pharmacy_sale,2024-09-20 00:00:00,Tokyo,Details for event 398
EVT0399,general_health_report,2024-12-26 00:00:00,Bordeaux,Details for event 399
EVT0400,hospital_admission,2024-10-15 00:00:00,Boston,Details for event 400
EVT0401,general_health_report,2024-08-08 00:00:00,Tokyo,Details for event 401
EVT0402,general_health_report,2024-12-29 00:00:00,Tokyo,Details for event 402
EVT0403,health_mention,2024-08-14 00:00:00,Boston,Details for event 403
EVT0404,hospital_admission,2024-09-19 00:00:00,Chicago,Details for event 404
EVT0405,general_health_report,2024-04-04 00:00:00,Chicago,Details for event 405
EVT0406,general_health_report,2024-04-07 00:00:00,Bordeaux,Details for event 406
EVT0407,pharmacy_sale,2024-06-30 00:00:00,Chicago,Details for event 407
EVT0408,general_health_report,2024-02-23 00:00:00,Boston,Details for event 408
EVT0409,general_health_report,2024-06-02 00:00:00,Tokyo,Details for event 409
EVT0410,pharmacy_sale,2024-05-02 00:00:00,Chicago,Details for event 410
EVT0411,health_mention,2024-12-19 00:00:00,Bordeaux,Details for event 411
EVT0412,general_health_report,2024-08-05 00:00:00,Chicago,Details for event 412
EVT0413,pharmacy_sale,2024-09-11 00:00:00,Boston,Details for event 413
EVT0414,hospital_admission,2024-12-04 00:00:00,Bordeaux,Details for event 414
EVT0415,health_mention,2024-10-20 00:00:00,Chicago,Details for event 415
EVT0416,hospital_admission,2024-04-23 00:00:00,Bordeaux,Details for event 416
EVT0417,hospital_admission,2024-07-05 00:00:00,Boston,Details for event 417
EVT0418,pharmacy_sale,2024-05-25 00:00:00,Tokyo,Details for event 418
EVT0419,general_health_report,2024-02-18 00:00:00,Boston,Details for event 419
EVT0420,pharmacy_sale,2024-04-17 00:00:00,Boston,Details for event 420
EVT0421,pharmacy_sale,2024-06-17 00:00:00,Boston,Details for event 421
EVT0422,pharmacy_sale,2024-01-28 00:00:00,Boston,Details for event 422
EVT0423,pharmacy_sale,2024-07-19 00:00:00,Tokyo,Details for event 423
EVT0424,health_mention,2024-08-14 00:00:00,Tokyo,Details for event 424
EVT0425,general_health_report,2024-10-25 00:00:00,Bordeaux,Details for event 425
EVT0426,hospital_admission,2024-07-30 00:00:00,Chicago,Details for event 426
EVT0427,hospital_admission,2024-06-12 00:00:00,Tokyo,Details for event 427
EVT0428,general_health_report,2024-03-16 00:00:00,Tokyo,Details for event 428
EVT0429,hospital_admission,2024-11-01 00:00:00,Chicago,Details for event 429
EVT0430,general_health_report,2024-04-26 00:00:00,Tokyo,Details for event 430
EVT0431,hospital_admission,2024-01-31 00:00:00,Boston,Details for event 431
EVT0432,pharmacy_sale,2024-02-04 00:00:00,Boston,Details for event 432
EVT0433,hospital_admission,2024-12-13 00:00:00,Chicago,Details for event 433
EVT0434,general_health_report,2024-12-28 00:00:00,Bordeaux,Details for event 434
EVT0435,general_health_report,2024-08-31 00:00:00,Bordeaux,Details for event 435
EVT0436,general_health_report,2024-12-15 00:00:00,Chicago,Details for event 436
EVT0437,general_health_report,2024-06-05 00:00:00,Chicago,Details for event 437
EVT0438,general_health_report,2024-11-16 00:00:00,Boston,Details for event 438
EVT0439,health_mention,2024-03-14 00:00:00,Bordeaux,Details for event 439
EVT0440,health_mention,2024-08-21 00:00:00,Tokyo,Details for event 440
EVT0441,hospital_admission,2024-09-01 00:00:00,Boston,Details for event 441
EVT0442,general_health_report,2024-12-17 00:00:00,Chicago,Details for event 442
EVT0443,hospital_admission,2024-08-25 00:00:00,Bordeaux,Details for event 443
EVT0444,general_health_report,2024-01-04 00:00:00,Tokyo,Details for event 444
EVT0445,general_health_report,2024-09-28 00:00:00,Tokyo,Details for event 445
EVT0446,health_mention,2024-03-07 00:00:00,Boston,Details for event 446
EVT0447,health_mention,2024-09-14 00:00:00,Bordeaux,Details for event 447
EVT0448,pharmacy_sale,2024-04-02 00:00:00,Bordeaux,Details for event 448
EVT0449,health_mention,2024-09-09 00:00:00,Chicago,Details for event 449
EVT0450,pharmacy_sale,2024-04-01 00:00:00,Bordeaux,Details for event 450
EVT0451,pharmacy_sale,2024-04-16 00:00:00,Bordeaux,Details for event 451
EVT0452,pharmacy_sale,2024-09-17 00:00:00,Boston,Details for event 452
EVT0453,pharmacy_sale,2024-02-17 00:00:00,Bordeaux,Details for event 453
EVT0454,pharmacy_sale,2024-11-28 00:00:00,Tokyo,Details for event 454
EVT0455,hospital_admission,2024-07-08 00:00:00,Boston,Details for event 455
EVT0456,health_mention,2024-11-19 00:00:00,Boston,Details for event 456
EVT0457,pharmacy_sale,2024-03-15 00:00:00,Chicago,Details for event 457
EVT0458,general_health_report,2024-01-07 00:00:00,Bordeaux,Details for event 458
EVT0459,health_mention,2024-11-21 00:00:00,Chicago,Details for event 459
EVT0460,health_mention,2024-06-03 00:00:00,Tokyo,Details for event 460
EVT0461,pharmacy_sale,2024-01-22 00:00:00,Boston,Details for event 461
EVT0462,hospital_admission,2024-02-25 00:00:00,Boston,Details for event 462
EVT0463,pharmacy_sale,2024-10-08 00:00:00,Boston,Details for event 463
EVT0464,hospital_admission,2024-07-22 00:00:00,Tokyo,Details for event 464
EVT0465,general_health_report,2024-05-10 00:00:00,Tokyo,Details for event 465
EVT0466,health_mention,2024-06-02 00:00:00,Chicago,Details for event 466
EVT0467,general_health_report,2024-03-08 00:00:00,Chicago,Details for event 467
EVT0468,hospital_admission,2024-01-07 00:00:00,Chicago,Details for event 468
EVT0469,hospital_admission,2024-04-27 00:00:00,Bordeaux,Details for event 469
EVT0470,general_health_report,2024-08-26 00:00:00,Boston,Details for event 470
EVT0471,hospital_admission,2024-02-24 00:00:00,Boston,Details for event 471
EVT0472,general_health_report,2024-11-22 00:00:00,Chicago,Details for event 472
EVT0473,health_mention,2024-05-10 00:00:00,Boston,Details for event 473
EVT0474,general_health_report,2024-04-28 00:00:00,Chicago,Details for event 474
EVT0475,health_mention,2024-08-09 00:00:00,Bordeaux,Details for event 475
EVT0476,general_health_report,2024-04-23 00:00:00,Bordeaux,Details for event 476
EVT0477,hospital_admission,2024-01-12 00:00:00,Tokyo,Details for event 477
EVT0478,general_health_report,2024-04-27 00:00:00,Bordeaux,Details for event 478
EVT0479,hospital_admission,2024-10-04 00:00:00,Chicago,Details for event 479
EVT0480,general_health_report,2024-08-13 00:00:00,Bordeaux,Details for event 480
EVT0481,general_health_report,2024-05-18 00:00:00,Tokyo,Details for event 481
EVT0482,pharmacy_sale,2024-11-05 00:00:00,Boston,Details for event 482
EVT0483,hospital_admission,2024-08-31 00:00:00,Chicago,Details for event 483
EVT0484,pharmacy_sale,2024-11-27 00:00:00,Boston,Details for event 484
EVT0485,hospital_admission,2024-10-01 00:00:00,Tokyo,Details for event 485
EVT0486,pharmacy_sale,2024-08-29 00:00:00,Tokyo,Details for event 486
EVT0487,health_mention,2024-02-15 00:00:00,Tokyo,Details for event 487
EVT0488,general_health_report,2024-11-29 00:00:00,Boston,Details for event 488
EVT0489,hospital_admission,2024-09-14 00:00:00,Boston,Details for event 489
EVT0490,hospital_admission,2024-05-19 00:00:00,Boston,Details for event 490
EVT0491,general_health_report,2024-08-09 00:00:00,Boston,Details for event 491
EVT0492,hospital_admission,2024-07-13 00:00:00,Tokyo,Details for event 492
EVT0493,hospital_admission,2024-10-26 00:00:00,Tokyo,Details for event 493
EVT0494,pharmacy_sale,2024-03-22 00:00:00,Chicago,Details for event 494
EVT0495,hospital_admission,2024-05-01 00:00:00,Chicago,Details for event 495
EVT0496,health_mention,2024-06-17 00:00:00,Boston,Details for event 496
EVT0497,health_mention,2024-10-13 00:00:00,Bordeaux,Details for event 497
EVT0498,general_health_report,2024-08-30 00:00:00,Bordeaux,Details for event 498
EVT0499,hospital_admission,2024-03-08 00:00:00,Tokyo,Details for event 499
EVT0500,general_health_report,2024-01-04 00:00:00,Tokyo,Details for event 500
EVT0501,health_mention,2024-05-24 00:00:00,Tokyo,Details for event 501
EVT0502,hospital_admission,2024-01-15 00:00:00,Chicago,Details for event 502
EVT0503,hospital_admission,2024-05-29 00:00:00,Chicago,Details for event 503
EVT0504,general_health_report,2024-07-19 00:00:00,Tokyo,Details for event 504
EVT0505,health_mention,2024-05-28 00:00:00,Tokyo,Details for event 505
EVT0506,hospital_admission,2024-12-01 00:00:00,Tokyo,Details for event 506
EVT0507,general_health_report,2024-05-11 00:00:00,Bordeaux,Details for event 507
EVT0508,health_mention,2024-01-14 00:00:00,Chicago,Details for event 508
EVT0509,general_health_report,2024-12-12 00:00:00,Bordeaux,Details for event 509
EVT0510,pharmacy_sale,2024-08-17 00:00:00,Bordeaux,Details for event 510
EVT0511,hospital_admission,2024-12-21 00:00:00,Tokyo,Details for event 511
EVT0512,pharmacy_sale,2024-02-26 00:00:00,Tokyo,Details for event 512
EVT0513,health_mention,2024-02-22 00:00:00,Boston,Details for event 513
EVT0514,pharmacy_sale,2024-10-09 00:00:00,Boston,Details for event 514
EVT0515,pharmacy_sale,2024-12-17 00:00:00,Bordeaux,Details for event 515
EVT0516,health_mention,2024-08-28 00:00:00,Chicago,Details for event 516
EVT0517,general_health_report,2024-07-16 00:00:00,Tokyo,Details for event 517
EVT0518,pharmacy_sale,2024-10-23 00:00:00,Tokyo,Details for event 518
EVT0519,general_health_report,2024-01-01 00:00:00,Bordeaux,Details for event 519
EVT0520,pharmacy_sale,2024-10-03 00:00:00,Boston,Details for event 520
EVT0521,general_health_report,2024-05-29 00:00:00,Chicago,Details for event 521
EVT0522,health_mention,2024-04-09 00:00:00,Boston,Details for event 522
EVT0523,pharmacy_sale,2024-02-23 00:00:00,Boston,Details for event 523
EVT0524,health_mention,2024-03-25 00:00:00,Boston,Details for event 524
EVT0525,pharmacy_sale,2024-06-18 00:00:00,Boston,Details for event 525
EVT0526,health_mention,2024-06-23 00:00:00,Tokyo,Details for event 526
EVT0527,health_mention,2024-08-05 00:00:00,Tokyo,Details for event 527
EVT0528,pharmacy_sale,2024-04-23 00:00:00,Boston,Details for event 528
EVT0529,pharmacy_sale,2024-02-23 00:00:00,Chicago,Details for event 529
EVT0530,pharmacy_sale,2024-04-27 00:00:00,Bordeaux,Details for event 530
EVT0531,hospital_admission,2024-12-13 00:00:00,Chicago,Details for event 531
EVT0532,general_health_report,2024-12-12 00:00:00,Chicago,Details for event 532
EVT0533,hospital_admission,2024-03-08 00:00:00,Chicago,Details for event 533
EVT0534,hospital_admission,2024-07-14 00:00:00,Boston,Details for event 534
EVT0535,health_mention,2024-01-16 00:00:00,Tokyo,Details for event 535
EVT0536,pharmacy_sale,2024-10-16 00:00:00,Chicago,Details for event 536
EVT0537,general_health_report,2024-12-16 00:00:00,Boston,Details for event 537
EVT0538,health_mention,2024-12-13 00:00:00,Chicago,Details for event 538
EVT0539,hospital_admission,2024-03-31 00:00:00,Chicago,Details for event 539
EVT0540,pharmacy_sale,2024-08-20 00:00:00,Boston,Details for event 540
EVT0541,health_mention,2024-09-30 00:00:00,Tokyo,Details for event 541
EVT0542,pharmacy_sale,2024-04-27 00:00:00,Tokyo,Details for event 542
EVT0543,health_mention,2024-07-06 00:00:00,Bordeaux,Details for event 543
EVT0544,pharmacy_sale,2024-08-28 00:00:00,Boston,Details for event 544
EVT0545,hospital_admission,2024-09-21 00:00:00,Bordeaux,Details for event 545
EVT0546,general_health_report,2024-05-02 00:00:00,Bordeaux,Details for event 546
EVT0547,hospital_admission,2024-01-03 00:00:00,Bordeaux,Details for event 547
EVT0548,general_health_report,2024-03-03 00:00:00,Tokyo,Details for event 548
EVT0549,pharmacy_sale,2024-12-26 00:00:00,Boston,Details for event 549
EVT0550,health_mention,2024-10-11 00:00:00,Bordeaux,Details for event 550
EVT0551,hospital_admission,2024-01-06 00:00:00,Boston,Details for event 551
EVT0552,general_health_report,2024-04-02 00:00:00,Boston,Details for event 552
EVT0553,hospital_admission,2024-04-18 00:00:00,Tokyo,Details for event 553
EVT0554,general_health_report,2024-03-10 00:00:00,Bordeaux,Details for event 554
EVT0555,hospital_admission,2024-12-17 00:00:00,Bordeaux,Details for event 555
EVT0556,general_health_report,2024-05-19 00:00:00,Boston,Details for event 556
EVT0557,general_health_report,2024-06-20 00:00:00,Chicago,Details for event 557
EVT0558,pharmacy_sale,2024-03-01 00:00:00,Tokyo,Details for event 558
EVT0559,general_health_report,2024-05-23 00:00:00,Tokyo,Details for event 559
EVT0560,pharmacy_sale,2024-11-03 00:00:00,Tokyo,Details for event 560
EVT0561,general_health_report,2024-01-25 00:00:00,Tokyo,Details for event 561
EVT0562,health_mention,2024-11-19 00:00:00,Bordeaux,Details for event 562
EVT0563,health_mention,2024-06-04 00:00:00,Bordeaux,Details for event 563
EVT0564,health_mention,2024-12-27 00:00:00,Chicago,Details for event 564
EVT0565,general_health_report,2024-06-13 00:00:00,Tokyo,Details for event 565
EVT0566,pharmacy_sale,2024-08-08 00:00:00,Tokyo,Details for event 566
EVT0567,pharmacy_sale,2024-08-13 00:00:00,Boston,Details for event 567
EVT0568,general_health_report,2024-03-12 00:00:00,Bordeaux,Details for event 568
EVT0569,health_mention,2024-10-22 00:00:00,Tokyo,Details for event 569
EVT0570,health_mention,2024-02-01 00:00:00,Chicago,Details for event 570
EVT0571,pharmacy_sale,2024-04-13 00:00:00,Chicago,Details for event 571
EVT0572,health_mention,2024-12-24 00:00:00,Bordeaux,Details for event 572
EVT0573,hospital_admission,2024-10-07 00:00:00,Chicago,Details for event 573
EVT0574,pharmacy_sale,2024-10-06 00:00:00,Chicago,Details for event 574
EVT0575,health_mention,2024-06-17 00:00:00,Bordeaux,Details for event 575
EVT0576,pharmacy_sale,2024-04-22 00:00:00,Tokyo,Details for event 576
EVT0577,hospital_admission,2024-07-30 00:00:00,Tokyo,Details for event 577
EVT0578,pharmacy_sale,2024-07-07 00:00:00,Chicago,Details for event 578
EVT0579,pharmacy_sale,2024-05-19 00:00:00,Chicago,Details for event 579
EVT0580,pharmacy_sale,2024-10-05 00:00:00,Tokyo,Details for event 580
EVT0581,pharmacy_sale,2024-08-01 00:00:00,Bordeaux,Details for event 581
EVT0582,hospital_admission,2024-03-03 00:00:00,Chicago,Details for event 582
EVT0583,general_health_report,2024-09-05 00:00:00,Boston,Details for event 583
EVT0584,pharmacy_sale,2024-06-21 00:00:00,Bordeaux,Details for event 584
EVT0585,pharmacy_sale,2024-11-16 00:00:00,Chicago,Details for event 585
EVT0586,health_mention,2024-09-12 00:00:00,Chicago,Details for event 586
EVT0587,pharmacy_sale,2024-07-31 00:00:00,Boston,Details for event 587
EVT0588,health_mention,2024-07-20 00:00:00,Boston,Details for event 588
EVT0589,general_health_report,2024-05-26 00:00:00,Tokyo,Details for event 589
EVT0590,hospital_admission,2024-04-25 00:00:00,Bordeaux,Details for event 590
EVT0591,hospital_admission,2024-10-23 00:00:00,Bordeaux,Details for event 591
EVT0592,general_health_report,2024-12-01 00:00:00,Tokyo,Details for event 592
EVT0593,hospital_admission,2024-06-04 00:00:00,Bordeaux,Details for event 593
EVT0594,general_health_report,2024-10-28 00:00:00,Bordeaux,Details for event 594
EVT0595,general_health_report,2024-09-25 00:00:00,Bordeaux,Details for event 595
EVT0596,general_health_report,2024-01-11 00:00:00,Bordeaux,Details for event 596
EVT0597,hospital_admission,2024-02-29 00:00:00,Bordeaux,Details for event 597
EVT0598,health_mention,2024-06-23 00:00:00,Boston,Details for event 598
EVT0599,general_health_report,2024-08-03 00:00:00,Bordeaux,Details for event 599
EVT0600,pharmacy_sale,2024-12-07 00:00:00,Boston,Details for event 600
EVT0601,hospital_admission,2024-03-14 00:00:00,Bordeaux,Details for event 601
EVT0602,general_health_report,2024-02-04 00:00:00,Tokyo,Details for event 602
EVT0603,general_health_report,2024-06-16 00:00:00,Chicago,Details for event 603
EVT0604,pharmacy_sale,2024-02-20 00:00:00,Boston,Details for event 604
EVT0605,health_mention,2024-01-04 00:00:00,Bordeaux,Details for event 605
EVT0606,health_mention,2024-05-28 00:00:00,Tokyo,Details for event 606
EVT0607,health_mention,2024-05-26 00:00:00,Chicago,Details for event 607
EVT0608,general_health_report,2024-11-27 00:00:00,Boston,Details for event 608
EVT0609,general_health_report,2024-03-31 00:00:00,Chicago,Details for event 609
EVT0610,general_health_report,2024-03-08 00:00:00,Tokyo,Details for event 610
EVT0611,hospital_admission,2024-02-25 00:00:00,Boston,Details for event 611
EVT0612,pharmacy_sale,2024-08-27 00:00:00,Chicago,Details for event 612
EVT0613,general_health_report,2024-01-02 00:00:00,Bordeaux,Details for event 613
EVT0614,pharmacy_sale,2024-04-06 00:00:00,Boston,Details for event 614
EVT0615,pharmacy_sale,2024-07-31 00:00:00,Chicago,Details for event 615
EVT0616,health_mention,2024-10-20 00:00:00,Tokyo,Details for event 616
EVT0617,hospital_admission,2024-05-10 00:00:00,Tokyo,Details for event 617
EVT0618,general_health_report,2024-05-03 00:00:00,Boston,Details for event 618
EVT0619,health_mention,2024-04-12 00:00:00,Chicago,Details for event 619
EVT0620,health_mention,2024-04-21 00:00:00,Boston,Details for event 620
EVT0621,general_health_report,2024-02-16 00:00:00,Boston,Details for event 621
EVT0622,pharmacy_sale,2024-06-16 00:00:00,Chicago,Details for event 622
EVT0623,health_mention,2024-09-20 00:00:00,Chicago,Details for event 623
EVT0624,pharmacy_sale,2024-04-25 00:00:00,Bordeaux,Details for event 624
EVT0625,hospital_admission,2024-10-30 00:00:00,Chicago,Details for event 625
EVT0626,pharmacy_sale,2024-09-22 00:00:00,Tokyo,Details for event 626
EVT0627,hospital_admission,2024-01-12 00:00:00,Boston,Details for event 627
EVT0628,pharmacy_sale,2024-09-12 00:00:00,Boston,Details for event 628
EVT0629,health_mention,2024-10-28 00:00:00,Tokyo,Details for event 629
EVT0630,health_mention,2024-02-26 00:00:00,Chicago,Details for event 630
EVT0631,hospital_admission,2024-09-09 00:00:00,Tokyo,Details for event 631
EVT0632,general_health_report,2024-09-23 00:00:00,Tokyo,Details for event 632
EVT0633,hospital_admission,2024-07-03 00:00:00,Bordeaux,Details for event 633
EVT0634,hospital_admission,2024-11-27 00:00:00,Tokyo,Details for event 634
EVT0635,pharmacy_sale,2024-02-26 00:00:00,Boston,Details for event 635
EVT0636,pharmacy_sale,2024-10-10 00:00:00,Tokyo,Details for event 636
EVT0637,hospital_admission,2024-02-05 00:00:00,Boston,Details for event 637
EVT0638,health_mention,2024-05-21 00:00:00,Boston,Details for event 638
EVT0639,pharmacy_sale,2024-10-19 00:00:00,Boston,Details for event 639
EVT0640,general_health_report,2024-01-04 00:00:00,Chicago,Details for event 640
EVT0641,pharmacy_sale,2024-08-29 00:00:00,Bordeaux,Details for event 641
EVT0642,pharmacy_sale,2024-11-24 00:00:00,Boston,Details for event 642
EVT0643,general_health_report,2024-09-20 00:00:00,Boston,Details for event 643
EVT0644,hospital_admission,2024-11-20 00:00:00,Chicago,Details for event 644
EVT0645,general_health_report,2024-08-29 00:00:00,Boston,Details for event 645
EVT0646,hospital_admission,2024-05-19 00:00:00,Tokyo,Details for event 646
EVT0647,hospital_admission,2024-01-28 00:00:00,Tokyo,Details for event 647
EVT0648,hospital_admission,2024-09-06 00:00:00,Bordeaux,Details for event 648
EVT0649,general_health_report,2024-08-20 00:00:00,Boston,Details for event 649
EVT0650,hospital_admission,2024-12-02 00:00:00,Chicago,Details for event 650
EVT0651,health_mention,2024-04-03 00:00:00,Tokyo,Details for event 651
EVT0652,general_health_report,2024-07-07 00:00:00,Chicago,Details for event 652
EVT0653,health_mention,2024-08-30 00:00:00,Chicago,Details for event 653
EVT0654,hospital_admission,2024-12-31 00:00:00,Tokyo,Details for event 654
EVT0655,pharmacy_sale,2024-08-22 00:00:00,Chicago,Details for event 655
EVT0656,hospital_admission,2024-04-16 00:00:00,Tokyo,Details for event 656
EVT0657,health_mention,2024-02-05 00:00:00,Chicago,Details for event 657
EVT0658,health_mention,2024-07-21 00:00:00,Tokyo,Details for event 658
EVT0659,general_health_report,2024-07-08 00:00:00,Boston,Details for event 659
EVT0660,pharmacy_sale,2024-05-04 00:00:00,Bordeaux,Details for event 660
EVT0661,general_health_report,2024-05-28 00:00:00,Tokyo,Details for event 661
EVT0662,health_mention,2024-08-14 00:00:00,Tokyo,Details for event 662
EVT0663,hospital_admission,2024-06-08 00:00:00,Bordeaux,Details for event 663
EVT0664,pharmacy_sale,2024-03-17 00:00:00,Tokyo,Details for event 664
EVT0665,hospital_admission,2024-06-23 00:00:00,Tokyo,Details for event 665
EVT0666,hospital_admission,2024-12-31 00:00:00,Chicago,Details for event 666
EVT0667,pharmacy_sale,2024-09-07 00:00:00,Bordeaux,Details for event 667
EVT0668,general_health_report,2024-09-20 00:00:00,Boston,Details for event 668
EVT0669,hospital_admission,2024-12-09 00:00:00,Tokyo,Details for event 669
EVT0670,health_mention,2024-02-24 00:00:00,Bordeaux,Details for event 670
EVT0671,hospital_admission,2024-03-23 00:00:00,Chicago,Details for event 671
EVT0672,pharmacy_sale,2024-09-15 00:00:00,Boston,Details for event 672
EVT0673,pharmacy_sale,2024-11-26 00:00:00,Bordeaux,Details for event 673
EVT0674,pharmacy_sale,2024-10-17 00:00:00,Boston,Details for event 674
EVT0675,general_health_report,2024-06-21 00:00:00,Boston,Details for event 675
EVT0676,hospital_admission,2024-08-27 00:00:00,Boston,Details for event 676
EVT0677,general_health_report,2024-05-11 00:00:00,Tokyo,Details for event 677
EVT0678,general_health_report,2024-03-31 00:00:00,Tokyo,Details for event 678
EVT0679,pharmacy_sale,2024-08-11 00:00:00,Chicago,Details for event 679
EVT0680,pharmacy_sale,2024-08-31 00:00:00,Chicago,Details for event 680
EVT0681,general_health_report,2024-12-16 00:00:00,Bordeaux,Details for event 681
EVT0682,hospital_admission,2024-03-27 00:00:00,Chicago,Details for event 682
EVT0683,health_mention,2024-01-23 00:00:00,Boston,Details for event 683
EVT0684,general_health_report,2024-01-30 00:00:00,Boston,Details for event 684
EVT0685,hospital_admission,2024-04-20 00:00:00,Tokyo,Details for event 685
EVT0686,pharmacy_sale,2024-10-18 00:00:00,Boston,Details for event 686
EVT0687,pharmacy_sale,2024-06-30 00:00:00,Bordeaux,Details for event 687
EVT0688,hospital_admission,2024-01-22 00:00:00,Boston,Details for event 688
EVT0689,health_mention,2024-09-03 00:00:00,Boston,Details for event 689
EVT0690,pharmacy_sale,2024-07-10 00:00:00,Bordeaux,Details for event 690
EVT0691,pharmacy_sale,2024-08-03 00:00:00,Chicago,Details for event 691
EVT0692,pharmacy_sale,2024-01-10 00:00:00,Chicago,Details for event 692
EVT0693,hospital_admission,2024-09-16 00:00:00,Bordeaux,Details for event 693
EVT0694,general_health_report,2024-05-05 00:00:00,Tokyo,Details for event 694
EVT0695,pharmacy_sale,2024-04-28 00:00:00,Boston,Details for event 695
EVT0696,general_health_report,2024-03-21 00:00:00,Bordeaux,Details for event 696
EVT0697,health_mention,2024-09-01 00:00:00,Boston,Details for event 697
EVT0698,pharmacy_sale,2024-04-05 00:00:00,Tokyo,Details for event 698
EVT0699,pharmacy_sale,2024-03-17 00:00:00,Boston,Details for event 699
EVT0700,health_mention,2024-02-27 00:00:00,Bordeaux,Details for event 700
EVT0701,pharmacy_sale,2024-07-26 00:00:00,Boston,Details for event 701
EVT0702,general_health_report,2024-07-25 00:00:00,Chicago,Details for event 702
EVT0703,hospital_admission,2024-05-28 00:00:00,Tokyo,Details for event 703
EVT0704,general_health_report,2024-05-14 00:00:00,Tokyo,Details for event 704
EVT0705,hospital_admission,2024-08-24 00:00:00,Tokyo,Details for event 705
EVT0706,hospital_admission,2024-07-08 00:00:00,Bordeaux,Details for event 706
EVT0707,general_health_report,2024-05-08 00:00:00,Tokyo,Details for event 707
EVT0708,general_health_report,2024-05-23 00:00:00,Chicago,Details for event 708
EVT0709,general_health_report,2024-04-14 00:00:00,Bordeaux,Details for event 709
EVT0710,general_health_report,2024-04-07 00:00:00,Chicago,Details for event 710
EVT0711,health_mention,2024-07-15 00:00:00,Boston,Details for event 711
EVT0712,pharmacy_sale,2024-05-13 00:00:00,Boston,Details for event 712
EVT0713,hospital_admission,2024-09-02 00:00:00,Boston,Details for event 713
EVT0714,general_health_report,2024-09-26 00:00:00,Boston,Details for event 714
EVT0715,general_health_report,2024-05-05 00:00:00,Chicago,Details for event 715
EVT0716,general_health_report,2024-10-26 00:00:00,Bordeaux,Details for event 716
EVT0717,health_mention,2024-10-02 00:00:00,Bordeaux,Details for event 717
EVT0718,general_health_report,2024-04-27 00:00:00,Tokyo,Details for event 718
EVT0719,general_health_report,2024-05-27 00:00:00,Chicago,Details for event 719
EVT0720,general_health_report,2024-09-06 00:00:00,Boston,Details for event 720
EVT0721,pharmacy_sale,2024-01-24 00:00:00,Chicago,Details for event 721
EVT0722,health_mention,2024-02-18 00:00:00,Tokyo,Details for event 722
EVT0723,general_health_report,2024-05-12 00:00:00,Tokyo,Details for event 723
EVT0724,hospital_admission,2024-09-30 00:00:00,Chicago,Details for event 724
EVT0725,hospital_admission,2024-06-05 00:00:00,Chicago,Details for event 725
EVT0726,hospital_admission,2024-06-18 00:00:00,Chicago,Details for event 726
EVT0727,health_mention,2024-03-16 00:00:00,Bordeaux,Details for event 727
EVT0728,health_mention,2024-09-02 00:00:00,Boston,Details for event 728
EVT0729,hospital_admission,2024-09-12 00:00:00,Chicago,Details for event 729
EVT0730,general_health_report,2024-05-12 00:00:00,Chicago,Details for event 730
EVT0731,health_mention,2024-11-06 00:00:00,Chicago,Details for event 731
EVT0732,hospital_admission,2024-07-18 00:00:00,Tokyo,Details for event 732
EVT0733,hospital_admission,2024-05-21 00:00:00,Tokyo,Details for event 733
EVT0734,general_health_report,2024-05-04 00:00:00,Bordeaux,Details for event 734
EVT0735,pharmacy_sale,2024-03-01 00:00:00,Boston,Details for event 735
EVT0736,health_mention,2024-11-29 00:00:00,Bordeaux,Details for event 736
EVT0737,general_health_report,2024-06-27 00:00:00,Boston,Details for event 737
EVT0738,hospital_admission,2024-01-01 00:00:00,Tokyo,Details for event 738
EVT0739,hospital_admission,2024-06-25 00:00:00,Tokyo,Details for event 739
EVT0740,general_health_report,2024-07-07 00:00:00,Tokyo,Details for event 740
EVT0741,health_mention,2024-09-11 00:00:00,Bordeaux,Details for event 741
EVT0742,pharmacy_sale,2024-08-22 00:00:00,Chicago,Details for event 742
EVT0743,pharmacy_sale,2024-02-04 00:00:00,Chicago,Details for event 743
EVT0744,hospital_admission,2024-08-30 00:00:00,Tokyo,Details for event 744
EVT0745,health_mention,2024-12-27 00:00:00,Chicago,Details for event 745
EVT0746,pharmacy_sale,2024-11-22 00:00:00,Chicago,Details for event 746
EVT0747,health_mention,2024-11-28 00:00:00,Bordeaux,Details for event 747
EVT0748,health_mention,2024-12-07 00:00:00,Boston,Details for event 748
EVT0749,hospital_admission,2024-01-03 00:00:00,Tokyo,Details for event 749
EVT0750,pharmacy_sale,2024-02-16 00:00:00,Tokyo,Details for event 750
EVT0751,general_health_report,2024-06-06 00:00:00,Bordeaux,Details for event 751
EVT0752,hospital_admission,2024-05-22 00:00:00,Bordeaux,Details for event 752
EVT0753,pharmacy_sale,2024-09-29 00:00:00,Chicago,Details for event 753
EVT0754,pharmacy_sale,2024-03-03 00:00:00,Tokyo,Details for event 754
EVT0755,pharmacy_sale,2024-01-25 00:00:00,Boston,Details for event 755
EVT0756,pharmacy_sale,2024-09-02 00:00:00,Bordeaux,Details for event 756
EVT0757,pharmacy_sale,2024-02-09 00:00:00,Boston,Details for event 757
EVT0758,health_mention,2024-09-13 00:00:00,Boston,Details for event 758
EVT0759,hospital_admission,2024-10-22 00:00:00,Tokyo,Details for event 759
EVT0760,health_mention,2024-05-07 00:00:00,Tokyo,Details for event 760
EVT0761,general_health_report,2024-03-10 00:00:00,Bordeaux,Details for event 761
EVT0762,pharmacy_sale,2024-12-20 00:00:00,Tokyo,Details for event 762
EVT0763,hospital_admission,2024-07-19 00:00:00,Tokyo,Details for event 763
EVT0764,pharmacy_sale,2024-12-18 00:00:00,Tokyo,Details for event 764
EVT0765,hospital_admission,2024-02-29 00:00:00,Boston,Details for event 765
EVT0766,health_mention,2024-11-22 00:00:00,Bordeaux,Details for event 766
EVT0767,hospital_admission,2024-12-13 00:00:00,Chicago,Details for event 767
EVT0768,general_health_report,2024-03-22 00:00:00,Boston,Details for event 768
EVT0769,general_health_report,2024-05-15 00:00:00,Tokyo,Details for event 769
EVT0770,hospital_admission,2024-07-30 00:00:00,Boston,Details for event 770
EVT0771,hospital_admission,2024-12-03 00:00:00,Tokyo,Details for event 771
EVT0772,hospital_admission,2024-01-14 00:00:00,Tokyo,Details for event 772
EVT0773,hospital_admission,2024-12-18 00:00:00,Boston,Details for event 773
EVT0774,general_health_report,2024-04-16 00:00:00,Bordeaux,Details for event 774
EVT0775,pharmacy_sale,2024-10-22 00:00:00,Tokyo,Details for event 775
EVT0776,hospital_admission,2024-07-20 00:00:00,Bordeaux,Details for event 776
EVT0777,hospital_admission,2024-05-19 00:00:00,Chicago,Details for event 777
EVT0778,general_health_report,2024-11-25 00:00:00,Tokyo,Details for event 778
EVT0779,general_health_report,2024-03-23 00:00:00,Bordeaux,Details for event 779
EVT0780,health_mention,2024-12-14 00:00:00,Bordeaux,Details for event 780
EVT0781,hospital_admission,2024-09-05 00:00:00,Chicago,Details for event 781
EVT0782,health_mention,2024-12-07 00:00:00,Bordeaux,Details for event 782
EVT0783,general_health_report,2024-01-23 00:00:00,Bordeaux,Details for event 783
EVT0784,general_health_report,2024-05-17 00:00:00,Chicago,Details for event 784
EVT0785,pharmacy_sale,2024-10-15 00:00:00,Tokyo,Details for event 785
EVT0786,hospital_admission,2024-11-09 00:00:00,Bordeaux,Details for event 786
EVT0787,health_mention,2024-04-05 00:00:00,Bordeaux,Details for event 787
EVT0788,general_health_report,2024-12-14 00:00:00,Bordeaux,Details for event 788
EVT0789,general_health_report,2024-05-20 00:00:00,Boston,Details for event 789
EVT0790,health_mention,2024-11-08 00:00:00,Chicago,Details for event 790
EVT0791,pharmacy_sale,2024-06-16 00:00:00,Boston,Details for event 791
EVT0792,general_health_report,2024-07-22 00:00:00,Chicago,Details for event 792
EVT0793,hospital_admission,2024-11-21 00:00:00,Tokyo,Details for event 793
EVT0794,general_health_report,2024-02-13 00:00:00,Tokyo,Details for event 794
EVT0795,hospital_admission,2024-08-16 00:00:00,Bordeaux,Details for event 795
EVT0796,health_mention,2024-02-16 00:00:00,Chicago,Details for event 796
EVT0797,hospital_admission,2024-02-19 00:00:00,Tokyo,Details for event 797
EVT0798,health_mention,2024-05-19 00:00:00,Chicago,Details for event 798
EVT0799,hospital_admission,2024-09-21 00:00:00,Tokyo,Details for event 799
EVT0800,health_mention,2024-01-05 00:00:00,Boston,Details for event 800
EVT0801,hospital_admission,2024-01-01 00:00:00,Tokyo,Details for event 801
EVT0802,pharmacy_sale,2024-06-17 00:00:00,Boston,Details for event 802
EVT0803,hospital_admission,2024-04-25 00:00:00,Tokyo,Details for event 803
EVT0804,hospital_admission,2024-09-24 00:00:00,Bordeaux,Details for event 804
EVT0805,pharmacy_sale,2024-07-02 00:00:00,Boston,Details for event 805
EVT0806,general_health_report,2024-06-22 00:00:00,Tokyo,Details for event 806
EVT0807,general_health_report,2024-06-06 00:00:00,Bordeaux,Details for event 807
EVT0808,hospital_admission,2024-10-28 00:00:00,Boston,Details for event 808
EVT0809,pharmacy_sale,2024-12-21 00:00:00,Bordeaux,Details for event 809
EVT0810,hospital_admission,2024-08-22 00:00:00,Chicago,Details for event 810
EVT0811,health_mention,2024-05-10 00:00:00,Chicago,Details for event 811
EVT0812,health_mention,2024-12-01 00:00:00,Boston,Details for event 812
EVT0813,hospital_admission,2024-08-13 00:00:00,Tokyo,Details for event 813
EVT0814,general_health_report,2024-08-23 00:00:00,Boston,Details for event 814
EVT0815,general_health_report,2024-07-12 00:00:00,Bordeaux,Details for event 815
EVT0816,hospital_admission,2024-11-21 00:00:00,Tokyo,Details for event 816
EVT0817,hospital_admission,2024-03-28 00:00:00,Chicago,Details for event 817
EVT0818,health_mention,2024-03-12 00:00:00,Tokyo,Details for event 818
EVT0819,general_health_report,2024-06-12 00:00:00,Chicago,Details for event 819
EVT0820,hospital_admission,2024-06-12 00:00:00,Tokyo,Details for event 820
EVT0821,health_mention,2024-01-21 00:00:00,Tokyo,Details for event 821
EVT0822,general_health_report,2024-07-19 00:00:00,Tokyo,Details for event 822
EVT0823,pharmacy_sale,2024-11-18 00:00:00,Bordeaux,Details for event 823
EVT0824,health_mention,2024-07-01 00:00:00,Bordeaux,Details for event 824
EVT0825,general_health_report,2024-11-01 00:00:00,Boston,Details for event 825
EVT0826,general_health_report,2024-04-05 00:00:00,Boston,Details for event 826
EVT0827,health_mention,2024-02-18 00:00:00,Chicago,Details for event 827
EVT0828,pharmacy_sale,2024-02-27 00:00:00,Bordeaux,Details for event 828
EVT0829,health_mention,2024-11-24 00:00:00,Chicago,Details for event 829
EVT0830,general_health_report,2024-09-18 00:00:00,Boston,Details for event 830
EVT0831,hospital_admission,2024-06-20 00:00:00,Chicago,Details for event 831
EVT0832,hospital_admission,2024-03-11 00:00:00,Boston,Details for event 832
EVT0833,health_mention,2024-10-14 00:00:00,Bordeaux,Details for event 833
EVT0834,general_health_report,2024-04-07 00:00:00,Tokyo,Details for event 834
EVT0835,hospital_admission,2024-09-06 00:00:00,Bordeaux,Details for event 835
EVT0836,general_health_report,2024-02-11 00:00:00,Chicago,Details for event 836
EVT0837,health_mention,2024-04-07 00:00:00,Chicago,Details for event 837
EVT0838,hospital_admission,2024-02-11 00:00:00,Bordeaux,Details for event 838
EVT0839,general_health_report,2024-04-03 00:00:00,Bordeaux,Details for event 839
EVT0840,hospital_admission,2024-10-31 00:00:00,Boston,Details for event 840
EVT0841,health_mention,2024-04-07 00:00:00,Chicago,Details for event 841
EVT0842,general_health_report,2024-05-06 00:00:00,Chicago,Details for event 842
EVT0843,hospital_admission,2024-04-02 00:00:00,Bordeaux,Details for event 843
EVT0844,health_mention,2024-12-01 00:00:00,Tokyo,Details for event 844
EVT0845,hospital_admission,2024-09-26 00:00:00,Chicago,Details for event 845
EVT0846,hospital_admission,2024-01-13 00:00:00,Tokyo,Details for event 846
EVT0847,pharmacy_sale,2024-03-14 00:00:00,Bordeaux,Details for event 847
EVT0848,pharmacy_sale,2024-04-10 00:00:00,Bordeaux,Details for event 848
EVT0849,health_mention,2024-04-01 00:00:00,Boston,Details for event 849
EVT0850,pharmacy_sale,2024-05-11 00:00:00,Chicago,Details for event 850
EVT0851,health_mention,2024-10-24 00:00:00,Tokyo,Details for event 851
EVT0852,pharmacy_sale,2024-06-08 00:00:00,Boston,Details for event 852
EVT0853,hospital_admission,2024-04-25 00:00:00,Chicago,Details for event 853
EVT0854,health_mention,2024-10-15 00:00:00,Boston,Details for event 854
EVT0855,health_mention,2024-09-12 00:00:00,Bordeaux,Details for event 855
EVT0856,hospital_admission,2024-10-24 00:00:00,Chicago,Details for event 856
EVT0857,health_mention,2024-07-24 00:00:00,Boston,Details for event 857
EVT0858,health_mention,2024-01-29 00:00:00,Boston,Details for event 858
EVT0859,pharmacy_sale,2024-12-28 00:00:00,Tokyo,Details for event 859
EVT0860,health_mention,2024-04-20 00:00:00,Boston,Details for event 860
EVT0861,general_health_report,2024-06-05 00:00:00,Chicago,Details for event 861
EVT0862,hospital_admission,2024-08-09 00:00:00,Chicago,Details for event 862
EVT0863,pharmacy_sale,2024-01-23 00:00:00,Tokyo,Details for event 863
EVT0864,pharmacy_sale,2024-11-14 00:00:00,Chicago,Details for event 864
EVT0865,general_health_report,2024-08-14 00:00:00,Bordeaux,Details for event 865
EVT0866,hospital_admission,2024-11-29 00:00:00,Chicago,Details for event 866
EVT0867,hospital_admission,2024-10-15 00:00:00,Chicago,Details for event 867
EVT0868,pharmacy_sale,2024-09-02 00:00:00,Boston,Details for event 868
EVT0869,health_mention,2024-05-07 00:00:00,Boston,Details for event 869
EVT0870,pharmacy_sale,2024-01-01 00:00:00,Chicago,Details for event 870
EVT0871,hospital_admission,2024-06-20 00:00:00,Tokyo,Details for event 871
EVT0872,general_health_report,2024-08-05 00:00:00,Boston,Details for event 872
EVT0873,pharmacy_sale,2024-11-16 00:00:00,Tokyo,Details for event 873
EVT0874,hospital_admission,2024-12-01 00:00:00,Chicago,Details for event 874
EVT0875,pharmacy_sale,2024-12-14 00:00:00,Chicago,Details for event 875
EVT0876,health_mention,2024-11-19 00:00:00,Bordeaux,Details for event 876
EVT0877,pharmacy_sale,2024-01-19 00:00:00,Boston,Details for event 877
EVT0878,pharmacy_sale,2024-09-11 00:00:00,Chicago,Details for event 878
EVT0879,hospital_admission,2024-12-15 00:00:00,Bordeaux,Details for event 879
EVT0880,hospital_admission,2024-01-28 00:00:00,Boston,Details for event 880
EVT0881,hospital_admission,2024-12-15 00:00:00,Chicago,Details for event 881
EVT0882,pharmacy_sale,2024-06-14 00:00:00,Chicago,Details for event 882
EVT0883,health_mention,2024-06-03 00:00:00,Boston,Details for event 883
EVT0884,general_health_report,2024-12-05 00:00:00,Boston,Details for event 884
EVT0885,general_health_report,2024-12-05 00:00:00,Boston,Details for event 885
EVT0886,hospital_admission,2024-01-08 00:00:00,Chicago,Details for event 886
EVT0887,hospital_admission,2024-12-16 00:00:00,Chicago,Details for event 887
EVT0888,pharmacy_sale,2024-05-03 00:00:00,Bordeaux,Details for event 888
EVT0889,general_health_report,2024-03-22 00:00:00,Tokyo,Details for event 889
EVT0890,hospital_admission,2024-01-22 00:00:00,Boston,Details for event 890
EVT0891,health_mention,2024-04-01 00:00:00,Chicago,Details for event 891
EVT0892,health_mention,2024-03-04 00:00:00,Chicago,Details for event 892
EVT0893,hospital_admission,2024-12-29 00:00:00,Boston,Details for event 893
EVT0894,hospital_admission,2024-07-22 00:00:00,Tokyo,Details for event 894
EVT0895,general_health_report,2024-08-15 00:00:00,Boston,Details for event 895
EVT0896,general_health_report,2024-05-31 00:00:00,Tokyo,Details for event 896
EVT0897,pharmacy_sale,2024-05-08 00:00:00,Chicago,Details for event 897
EVT0898,general_health_report,2024-03-28 00:00:00,Tokyo,Details for event 898
EVT0899,health_mention,2024-02-21 00:00:00,Bordeaux,Details for event 899
EVT0900,health_mention,2024-08-21 00:00:00,Chicago,Details for event 900
EVT0901,hospital_admission,2024-07-30 00:00:00,Bordeaux,Details for event 901
EVT0902,general_health_report,2024-05-03 00:00:00,Boston,Details for event 902
EVT0903,pharmacy_sale,2024-08-22 00:00:00,Boston,Details for event 903
EVT0904,health_mention,2024-03-20 00:00:00,Boston,Details for event 904
EVT0905,health_mention,2024-12-25 00:00:00,Tokyo,Details for event 905
EVT0906,pharmacy_sale,2024-11-14 00:00:00,Chicago,Details for event 906
EVT0907,pharmacy_sale,2024-03-26 00:00:00,Boston,Details for event 907
EVT0908,health_mention,2024-01-04 00:00:00,Boston,Details for event 908
EVT0909,health_mention,2024-12-18 00:00:00,Chicago,Details for event 909
EVT0910,pharmacy_sale,2024-01-17 00:00:00,Boston,Details for event 910
EVT0911,health_mention,2024-09-03 00:00:00,Bordeaux,Details for event 911
EVT0912,hospital_admission,2024-07-07 00:00:00,Chicago,Details for event 912
EVT0913,hospital_admission,2024-09-09 00:00:00,Chicago,Details for event 913
EVT0914,pharmacy_sale,2024-05-20 00:00:00,Chicago,Details for event 914
EVT0915,general_health_report,2024-02-20 00:00:00,Bordeaux,Details for event 915
EVT0916,pharmacy_sale,2024-01-06 00:00:00,Chicago,Details for event 916
EVT0917,pharmacy_sale,2024-08-28 00:00:00,Bordeaux,Details for event 917
EVT0918,general_health_report,2024-02-11 00:00:00,Chicago,Details for event 918
EVT0919,general_health_report,2024-02-02 00:00:00,Tokyo,Details for event 919
EVT0920,general_health_report,2024-08-31 00:00:00,Boston,Details for event 920
EVT0921,hospital_admission,2024-02-16 00:00:00,Tokyo,Details for event 921
EVT0922,health_mention,2024-10-28 00:00:00,Boston,Details for event 922
EVT0923,hospital_admission,2024-05-05 00:00:00,Bordeaux,Details for event 923
EVT0924,health_mention,2024-11-04 00:00:00,Tokyo,Details for event 924
EVT0925,hospital_admission,2024-07-19 00:00:00,Chicago,Details for event 925
EVT0926,health_mention,2024-07-26 00:00:00,Boston,Details for event 926
EVT0927,hospital_admission,2024-10-23 00:00:00,Boston,Details for event 927
EVT0928,general_health_report,2024-02-24 00:00:00,Tokyo,Details for event 928
EVT0929,pharmacy_sale,2024-09-07 00:00:00,Bordeaux,Details for event 929
EVT0930,hospital_admission,2024-01-08 00:00:00,Tokyo,Details for event 930
EVT0931,health_mention,2024-05-22 00:00:00,Bordeaux,Details for event 931
EVT0932,general_health_report,2024-10-30 00:00:00,Bordeaux,Details for event 932
EVT0933,hospital_admission,2024-12-27 00:00:00,Boston,Details for event 933
EVT0934,hospital_admission,2024-02-08 00:00:00,Tokyo,Details for event 934
EVT0935,general_health_report,2024-02-27 00:00:00,Tokyo,Details for event 935
EVT0936,hospital_admission,2024-08-12 00:00:00,Bordeaux,Details for event 936
EVT0937,pharmacy_sale,2024-12-01 00:00:00,Tokyo,Details for event 937
EVT0938,hospital_admission,2024-10-03 00:00:00,Chicago,Details for event 938
EVT0939,pharmacy_sale,2024-07-07 00:00:00,Chicago,Details for event 939
EVT0940,pharmacy_sale,2024-05-03 00:00:00,Tokyo,Details for event 940
EVT0941,general_health_report,2024-12-17 00:00:00,Tokyo,Details for event 941
EVT0942,hospital_admission,2024-09-03 00:00:00,Bordeaux,Details for event 942
EVT0943,general_health_report,2024-12-17 00:00:00,Chicago,Details for event 943
EVT0944,hospital_admission,2024-09-24 00:00:00,Chicago,Details for event 944
EVT0945,hospital_admission,2024-02-25 00:00:00,Boston,Details for event 945
EVT0946,health_mention,2024-06-02 00:00:00,Bordeaux,Details for event 946
EVT0947,hospital_admission,2024-07-29 00:00:00,Boston,Details for event 947
EVT0948,general_health_report,2024-01-18 00:00:00,Chicago,Details for event 948
EVT0949,pharmacy_sale,2024-03-04 00:00:00,Bordeaux,Details for event 949
EVT0950,hospital_admission,2024-08-11 00:00:00,Tokyo,Details for event 950
EVT0951,health_mention,2024-02-15 00:00:00,Bordeaux,Details for event 951
EVT0952,general_health_report,2024-12-18 00:00:00,Tokyo,Details for event 952
EVT0953,hospital_admission,2024-12-11 00:00:00,Tokyo,Details for event 953
EVT0954,general_health_report,2024-01-10 00:00:00,Bordeaux,Details for event 954
EVT0955,health_mention,2024-09-26 00:00:00,Tokyo,Details for event 955
EVT0956,health_mention,2024-07-13 00:00:00,Boston,Details for event 956
EVT0957,general_health_report,2024-05-26 00:00:00,Chicago,Details for event 957
EVT0958,hospital_admission,2024-12-21 00:00:00,Tokyo,Details for event 958
EVT0959,pharmacy_sale,2024-05-13 00:00:00,Boston,Details for event 959
EVT0960,health_mention,2024-08-22 00:00:00,Tokyo,Details for event 960
EVT0961,hospital_admission,2024-03-09 00:00:00,Chicago,Details for event 961
EVT0962,hospital_admission,2024-01-08 00:00:00,Boston,Details for event 962
EVT0963,pharmacy_sale,2024-09-05 00:00:00,Chicago,Details for event 963
EVT0964,health_mention,2024-12-31 00:00:00,Chicago,Details for event 964
EVT0965,health_mention,2024-07-01 00:00:00,Boston,Details for event 965
EVT0966,hospital_admission,2024-11-13 00:00:00,Boston,Details for event 966
EVT0967,hospital_admission,2024-08-09 00:00:00,Boston,Details for event 967
EVT0968,pharmacy_sale,2024-07-02 00:00:00,Bordeaux,Details for event 968
EVT0969,pharmacy_sale,2024-05-04 00:00:00,Boston,Details for event 969
EVT0970,health_mention,2024-06-27 00:00:00,Boston,Details for event 970
EVT0971,general_health_report,2024-08-26 00:00:00,Boston,Details for event 971
EVT0972,health_mention,2024-05-26 00:00:00,Boston,Details for event 972
EVT0973,hospital_admission,2024-08-04 00:00:00,Tokyo,Details for event 973
EVT0974,health_mention,2024-08-08 00:00:00,Bordeaux,Details for event 974
EVT0975,general_health_report,2024-03-16 00:00:00,Chicago,Details for event 975
EVT0976,pharmacy_sale,2024-08-02 00:00:00,Boston,Details for event 976
EVT0977,general_health_report,2024-10-07 00:00:00,Tokyo,Details for event 977
EVT0978,general_health_report,2024-10-26 00:00:00,Tokyo,Details for event 978
EVT0979,general_health_report,2024-05-20 00:00:00,Tokyo,Details for event 979
EVT0980,pharmacy_sale,2024-04-13 00:00:00,Chicago,Details for event 980
EVT0981,general_health_report,2024-06-07 00:00:00,Boston,Details for event 981
EVT0982,general_health_report,2024-03-19 00:00:00,Bordeaux,Details for event 982
EVT0983,general_health_report,2024-06-25 00:00:00,Bordeaux,Details for event 983
EVT0984,hospital_admission,2024-07-30 00:00:00,Tokyo,Details for event 984
EVT0985,general_health_report,2024-05-30 00:00:00,Chicago,Details for event 985
EVT0986,pharmacy_sale,2024-02-19 00:00:00,Chicago,Details for event 986
EVT0987,general_health_report,2024-03-27 00:00:00,Chicago,Details for event 987
EVT0988,general_health_report,2024-10-18 00:00:00,Bordeaux,Details for event 988
EVT0989,pharmacy_sale,2024-09-04 00:00:00,Tokyo,Details for event 989
EVT0990,general_health_report,2024-01-20 00:00:00,Boston,Details for event 990
EVT0991,pharmacy_sale,2024-04-19 00:00:00,Bordeaux,Details for event 991
EVT0992,general_health_report,2024-01-06 00:00:00,Tokyo,Details for event 992
EVT0993,pharmacy_sale,2024-12-04 00:00:00,Tokyo,Details for event 993
EVT0994,general_health_report,2024-12-04 00:00:00,Boston,Details for event 994
EVT0995,general_health_report,2024-03-08 00:00:00,Boston,Details for event 995
EVT0996,hospital_admission,2024-12-10 00:00:00,Boston,Details for event 996
EVT0997,hospital_admission,2024-05-25 00:00:00,Chicago,Details for event 997
EVT0998,general_health_report,2024-08-28 00:00:00,Boston,Details for event 998
EVT0999,general_health_report,2024-01-17 00:00:00,Tokyo,Details for event 999
EVT1000,health_mention,2024-10-07 00:00:00,Boston,Details for event 1000
